{"cameraMode":{"drawMode":0,"name":"Shaded","section":"Shading Mode"},"sceneLighting":true,"audioPlay":false,"sceneViewState":{"showFog":true,"showMaterialUpdate":true,"showSkybox":true,"showFlares":true,"showImageEffects":true,"showParticleSystems":true},"in2DMode":false,"pivot":{"x":117.505859375,"y":42.7325439453125,"z":-451.85174560546877},"rotation":{"x":0.10246884822845459,"y":-0.6450443267822266,"z":0.08773314952850342,"w":0.7521442174911499},"size":19.310956954956056,"orthographic":true}