{"cameraMode":{"drawMode":0,"name":"Shaded","section":"Shading Mode"},"sceneLighting":true,"audioPlay":false,"sceneViewState":{"showFog":true,"showMaterialUpdate":true,"showSkybox":true,"showFlares":true,"showImageEffects":true,"showParticleSystems":true},"in2DMode":false,"pivot":{"x":15.046783447265625,"y":-136.096435546875,"z":38.3431396484375},"rotation":{"x":-0.15097685158252717,"y":0.20074135065078736,"z":-0.03132707625627518,"w":-0.967433512210846},"size":652.7369384765625,"orthographic":false}