{"cameraMode":{"drawMode":0,"name":"Shaded","section":"Shading Mode"},"sceneLighting":true,"audioPlay":false,"sceneViewState":{"showFog":true,"showMaterialUpdate":true,"showSkybox":true,"showFlares":true,"showImageEffects":true,"showParticleSystems":true},"in2DMode":false,"pivot":{"x":135.64291381835938,"y":1.7554588317871094,"z":-420.7718200683594},"rotation":{"x":-0.09508127719163895,"y":0.6296213865280151,"z":-0.0780259296298027,"w":-0.7671038508415222},"size":52.38175582885742,"orthographic":false}