{"cameraMode":{"drawMode":0,"name":"Shaded","section":"Shading Mode"},"sceneLighting":true,"audioPlay":false,"sceneViewState":{"showFog":true,"showMaterialUpdate":true,"showSkybox":true,"showFlares":true,"showImageEffects":true,"showParticleSystems":true},"in2DMode":false,"pivot":{"x":157.04495239257813,"y":-0.4569735527038574,"z":-418.99835205078127},"rotation":{"x":0.24217718839645387,"y":-0.25624167919158938,"z":0.06631653010845185,"w":0.933430552482605},"size":43.21027755737305,"orthographic":true}