{"cameraMode":{"drawMode":0,"name":"Shaded","section":"Shading Mode"},"sceneLighting":true,"audioPlay":false,"sceneViewState":{"showFog":true,"showMaterialUpdate":true,"showSkybox":true,"showFlares":true,"showImageEffects":true,"showParticleSystems":true},"in2DMode":false,"pivot":{"x":77.0337905883789,"y":72.0610580444336,"z":-276.97906494140627},"rotation":{"x":-0.18469157814979554,"y":-0.2230917364358902,"z":0.043100737035274509,"w":-0.9561702013015747},"size":7.4728546142578129,"orthographic":false}