{"cameraMode":{"drawMode":0,"name":"Shaded","section":"Shading Mode"},"sceneLighting":true,"audioPlay":false,"sceneViewState":{"showFog":true,"showMaterialUpdate":true,"showSkybox":true,"showFlares":true,"showImageEffects":true,"showParticleSystems":true},"in2DMode":false,"pivot":{"x":-1.287200927734375,"y":-36.857627868652347,"z":-350.63336181640627},"rotation":{"x":0.1548599898815155,"y":-0.5672054886817932,"z":0.10948493331670761,"w":0.8014421463012695},"size":153.41978454589845,"orthographic":false}