{"cameraMode":{"drawMode":0,"name":"Shaded","section":"Shading Mode"},"sceneLighting":true,"audioPlay":false,"sceneViewState":{"showFog":true,"showMaterialUpdate":true,"showSkybox":true,"showFlares":true,"showImageEffects":true,"showParticleSystems":true},"in2DMode":false,"pivot":{"x":149.57861328125,"y":0.23046875,"z":-418.7919921875},"rotation":{"x":0.3681992292404175,"y":-0.27740591764450076,"z":0.11592075228691101,"w":0.8797941207885742},"size":44.41106033325195,"orthographic":true}