{"cameraMode":{"drawMode":0,"name":"Shaded","section":"Shading Mode"},"sceneLighting":true,"audioPlay":false,"sceneViewState":{"showFog":true,"showMaterialUpdate":true,"showSkybox":true,"showFlares":true,"showImageEffects":true,"showParticleSystems":true},"in2DMode":false,"pivot":{"x":220.3182373046875,"y":-75.22538757324219,"z":21.88092041015625},"rotation":{"x":-0.19468070566654206,"y":-0.09195665270090103,"z":0.018335789442062379,"w":-0.9763745665550232},"size":699.7818603515625,"orthographic":false}