{"cameraMode":{"drawMode":0,"name":"Shaded","section":"Shading Mode"},"sceneLighting":true,"audioPlay":false,"sceneViewState":{"showFog":true,"showMaterialUpdate":true,"showSkybox":true,"showFlares":true,"showImageEffects":true,"showParticleSystems":true},"in2DMode":false,"pivot":{"x":94.34406280517578,"y":14.961563110351563,"z":-465.4965515136719},"rotation":{"x":0.20546960830688477,"y":0.716088056564331,"z":-0.2360658198595047,"w":0.6239175200462341},"size":52.03811264038086,"orthographic":true}