{"cameraMode":{"drawMode":0,"name":"Shaded","section":"Shading Mode"},"sceneLighting":true,"audioPlay":false,"sceneViewState":{"showFog":true,"showMaterialUpdate":true,"showSkybox":true,"showFlares":true,"showImageEffects":true,"showParticleSystems":true},"in2DMode":false,"pivot":{"x":189.7412109375,"y":3.4076499938964845,"z":-400.43865966796877},"rotation":{"x":-0.11019739508628845,"y":0.1251658797264099,"z":-0.0139785036444664,"w":-0.985897958278656},"size":28.088720321655275,"orthographic":false}