{"cameraMode":{"drawMode":0,"name":"Shaded","section":"Shading Mode"},"sceneLighting":true,"audioPlay":false,"sceneViewState":{"showFog":true,"showMaterialUpdate":true,"showSkybox":true,"showFlares":true,"showImageEffects":true,"showParticleSystems":true},"in2DMode":false,"pivot":{"x":84.87549591064453,"y":14.188885688781739,"z":-243.428955078125},"rotation":{"x":-0.040168844163417819,"y":-0.022168513387441636,"z":-0.0008970625349320471,"w":0.9989465475082398},"size":12.950820922851563,"orthographic":false}