{"cameraMode":{"drawMode":0,"name":"Shaded","section":"Shading Mode"},"sceneLighting":true,"audioPlay":false,"sceneViewState":{"showFog":true,"showMaterialUpdate":true,"showSkybox":true,"showFlares":true,"showImageEffects":true,"showParticleSystems":true},"in2DMode":false,"pivot":{"x":95.44292449951172,"y":27.240222930908204,"z":-253.67466735839845},"rotation":{"x":0.11160397529602051,"y":0.6666116714477539,"z":-0.10204930603504181,"w":0.7299035787582398},"size":25.08258819580078,"orthographic":false}