{"cameraMode":{"drawMode":0,"name":"Shaded","section":"Shading Mode"},"sceneLighting":true,"audioPlay":false,"sceneViewState":{"showFog":true,"showMaterialUpdate":true,"showSkybox":true,"showFlares":true,"showImageEffects":true,"showParticleSystems":true},"in2DMode":false,"pivot":{"x":85.0490493774414,"y":57.53709411621094,"z":-240.5966339111328},"rotation":{"x":0.08121000230312348,"y":-0.017330478876829149,"z":0.0012576960725709797,"w":0.9965456128120422},"size":27.063966751098634,"orthographic":true}