{"cameraMode":{"drawMode":0,"name":"Shaded","section":"Shading Mode"},"sceneLighting":true,"audioPlay":false,"sceneViewState":{"showFog":true,"showMaterialUpdate":true,"showSkybox":true,"showFlares":true,"showImageEffects":true,"showParticleSystems":true},"in2DMode":false,"pivot":{"x":101.27619934082031,"y":21.276445388793947,"z":-415.5075988769531},"rotation":{"x":0.22674231231212617,"y":0.143142431974411,"z":-0.03382444009184837,"w":0.9627845883369446},"size":90.77957916259766,"orthographic":true}