{"cameraMode":{"drawMode":0,"name":"Shaded","section":"Shading Mode"},"sceneLighting":true,"audioPlay":false,"sceneViewState":{"showFog":true,"showMaterialUpdate":true,"showSkybox":true,"showFlares":true,"showImageEffects":true,"showParticleSystems":true},"in2DMode":false,"pivot":{"x":101.0140609741211,"y":7.951560974121094,"z":-437.02655029296877},"rotation":{"x":-0.13060389459133149,"y":-0.6910902261734009,"z":0.12926636636257173,"w":-0.6990187168121338},"size":62.721309661865237,"orthographic":true}