{"cameraMode":{"drawMode":0,"name":"Shaded","section":"Shading Mode"},"sceneLighting":false,"audioPlay":false,"sceneViewState":{"showFog":true,"showMaterialUpdate":true,"showSkybox":true,"showFlares":true,"showImageEffects":true,"showParticleSystems":true},"in2DMode":false,"pivot":{"x":6.757556438446045,"y":-1.8463623523712159,"z":-9.599200248718262},"rotation":{"x":-0.14229480922222138,"y":-0.020194772630929948,"z":0.002904037479311228,"w":-0.9896140694618225},"size":787.0126342773438,"orthographic":false}