{"cameraMode":{"drawMode":0,"name":"Shaded","section":"Shading Mode"},"sceneLighting":true,"audioPlay":false,"sceneViewState":{"showFog":true,"showMaterialUpdate":true,"showSkybox":true,"showFlares":true,"showImageEffects":true,"showParticleSystems":true},"in2DMode":false,"pivot":{"x":159.5479736328125,"y":7.314136505126953,"z":-418.2303466796875},"rotation":{"x":-0.10448864847421646,"y":0.554219126701355,"z":-0.0703682005405426,"w":-0.8227828741073608},"size":15.770870208740235,"orthographic":false}